Workbook

Sheet inputs
A1: All yellow cells are assumptions. Change these to switch scenarios
B3: Expected
B4: Expected | C4: Best | D4: Worst | E4: ACTIVE
A5: Ch1 visitors/month | B5: 100 | C5: 150 | D5: 60 | E5: =IF($B$3="Best", C5, IF($B$3="Worst", D5, B5)) -> 100
A6: Ch1 signup conversion % | B6: 0.8 | C6: 0.9 | D6: 0.6 | E6: =IF($B$3="Best", C6, IF($B$3="Worst", D6, B6)) -> 0.8
A7: Ch2 visitors/month | B7: 200 | C7: 300 | D7: 100 | E7: =IF($B$3="Best", C7, IF($B$3="Worst", D7, B7)) -> 200
A8: Ch2 signup conversion % | B8: 0.22 | C8: 0.3 | D8: 0.12 | E8: =IF($B$3="Best", C8, IF($B$3="Worst", D8, B8)) -> 0.22
A9: Ch3 visitors/month | B9: 50 | C9: 80 | D9: 25 | E9: =IF($B$3="Best", C9, IF($B$3="Worst", D9, B9)) -> 50
A10: Ch3 signup conversion % | B10: 0.65 | C10: 0.75 | D10: 0.45 | E10: =IF($B$3="Best", C10, IF($B$3="Worst", D10, B10)) -> 0.65
E11: =IF($B$3="Best", C11, IF($B$3="Worst", D11, B11)) -> 0
A12: Activation rate | B12: 0.6 | C12: 0.75 | D12: 0.4 | E12: =IF($B$3="Best", C12, IF($B$3="Worst", D12, B12)) -> 0.6
A13: D30 retention rate | B13: 0.45 | C13: 0.6 | D13: 0.25 | E13: =IF($B$3="Best", C13, IF($B$3="Worst", D13, B13)) -> 0.45
A14: Monthly organic growth | B14: 0.05 | C14: 0.1 | D14: 0.02 | E14: =IF($B$3="Best", C14, IF($B$3="Worst", D14, B14)) -> 0.05

Sheet projections
A1: Monthly cohort model. Rows = months. All values driven by Inputs tab
A2: Month | B2: Ch1 Signups | C2: Ch2 Signups | D2: Ch3 Signups | E2: Total New Signups | F2: Activated Users (new) | G2: Retained from Prior Month | H2: Total Active Users | I2: Cumulative Users | J2: Ch1 CAC | K2: Ch2 CAC | L2: Ch3 CAC | M2: Blended CAC
A3: May | B3: =inputs!$E$5 * inputs!$E$6 -> 80 | C3: =inputs!$E$7 * inputs!$E$8 -> 44 | D3: =inputs!$E$9 * inputs!$E$10 -> 32.5 | E3: =B3+C3+D3 -> 156.5 | F3: =E3 * inputs!$E$12 -> 93.9 | G3: 0 | H3: =F3+G3 -> 93.9 | I3: =H3 -> 93.9 | J3: $0 | K3: $0 | L3: $0 | M3: $0
A4: Jun | B4: =B3 * (1 + inputs!$E$14) -> 84 | C4: =C3 * (1 + inputs!$E$14) -> 46.2 | D4: =D3 * (1 + inputs!$E$14) -> 34.125 | E4: =B4+C4+D4 -> 164.325 | F4: =E4 * inputs!$E$12 -> 98.595 | G4: =H3 * inputs!$E$13 -> 42.255 | H4: =F4+G4 -> 140.85 | I4: =I3+F4 -> 192.495 | J4: $0 | K4: $0 | L4: $0 | M4: $0
A5: Jul | B5: =B4 * (1 + inputs!$E$14) -> 88.2 | C5: =C4 * (1 + inputs!$E$14) -> 48.51 | D5: =D4 * (1 + inputs!$E$14) -> 35.83125 | E5: =B5+C5+D5 -> 172.54125 | F5: =E5 * inputs!$E$12 -> 103.52475 | G5: =H4 * inputs!$E$13 -> 63.3825 | H5: =F5+G5 -> 166.90725 | I5: =I4+F5 -> 296.01975 | J5: $0 | K5: $0 | L5: $0 | M5: $0
A6: Aug | B6: =B5 * (1 + inputs!$E$14) -> 92.61 | C6: =C5 * (1 + inputs!$E$14) -> 50.9355 | D6: =D5 * (1 + inputs!$E$14) -> 37.622813 | E6: =B6+C6+D6 -> 181.16831 | F6: =E6 * inputs!$E$12 -> 108.70099 | G6: =H5 * inputs!$E$13 -> 75.108263 | H6: =F6+G6 -> 183.80925 | I6: =I5+F6 -> 404.72074 | J6: $0 | K6: $0 | L6: $0 | M6: $0
A7: Sep | B7: =B6 * (1 + inputs!$E$14) -> 97.2405 | C7: =C6 * (1 + inputs!$E$14) -> 53.482275 | D7: =D6 * (1 + inputs!$E$14) -> 39.503953 | E7: =B7+C7+D7 -> 190.22673 | F7: =E7 * inputs!$E$12 -> 114.13604 | G7: =H6 * inputs!$E$13 -> 82.714163 | H7: =F7+G7 -> 196.8502 | I7: =I6+F7 -> 518.85677 | J7: $0 | K7: $0 | L7: $0 | M7: $0
A8: Oct | B8: =B7 * (1 + inputs!$E$14) -> 102.10253 | C8: =C7 * (1 + inputs!$E$14) -> 56.156389 | D8: =D7 * (1 + inputs!$E$14) -> 41.479151 | E8: =B8+C8+D8 -> 199.73806 | F8: =E8 * inputs!$E$12 -> 119.84284 | G8: =H7 * inputs!$E$13 -> 88.58259 | H8: =F8+G8 -> 208.42543 | I8: =I7+F8 -> 638.69961 | J8: $0 | K8: $0 | L8: $0 | M8: $0
A10: If Ch2 signup conversion halves (22% → 11%): Month 6 cumulative drops from ~558 to ~430 users (−23%).

Sheet chart
